"","Estimate","Std.Error","p","lowerCI","upperCI","typeDisturbance","disturbanceDimension","Species","Significancy"
"7",-1.28914567620988,0.266416490654765,1.30601829482298e-06,-1.81132199789321,-0.766969354526537,"PERMANENT","NEIGHBORHOOD","BBWA","YES"
"5",-0.858433152023764,0.218965150099261,8.83984656054293e-05,-1.28760484621832,-0.429261457829211,"PERMANENT","LOCAL","BBWA","YES"
"3",-0.703481223773129,0.124043734684197,1.41771406775119e-08,-0.946606943754155,-0.460355503792102,"TRANSITIONAL","NEIGHBORHOOD","BBWA","YES"
"1",-0.450137942802403,0.0832437983874877,6.39229582897111e-08,-0.613295787641879,-0.286980097962928,"TRANSITIONAL","LOCAL","BBWA","YES"
"6",-0.348598508165239,0.0831395617111803,2.75372308285845e-05,-0.511552049119152,-0.185644967211325,"PERMANENT","LOCAL","YRWA","YES"
"2",-0.210033881365653,0.0327288679807384,1.3863125744323e-10,-0.2741824626079,-0.145885300123406,"TRANSITIONAL","LOCAL","YRWA","YES"
"8",-0.196769122605273,0.0718208467738878,0.00614912531633235,-0.337537982282093,-0.0560002629284526,"PERMANENT","NEIGHBORHOOD","YRWA","YES"
"4",-0.152711449057636,0.0516234454351225,0.0030946125893197,-0.253893402110476,-0.0515294960047959,"TRANSITIONAL","NEIGHBORHOOD","YRWA","YES"
