"","Estimate","Std.Error","p","lowerCI","upperCI","typeDisturbance","disturbanceDimension","Species","Significancy"
"1",-0.450137942802403,0.0832437983874877,6.39229582897111e-08,-0.613295787641879,-0.286980097962928,"TRANSITIONAL","LOCAL","BBWA","YES"
"2",-0.210033881365653,0.0327288679807384,1.3863125744323e-10,-0.2741824626079,-0.145885300123406,"TRANSITIONAL","LOCAL","YRWA","YES"
