"","Estimate","Std.Error","p","lowerCI","upperCI","typeDisturbance","disturbanceDimension","Species","Significancy"
"7",-1.28914715533061,0.266423292306551,1.30679368324527e-06,-1.81133680825145,-0.76695750240977,"PERMANENT","NEIGHBORHOOD","BBWA","YES"
"5",-0.858436010352968,0.218979276476928,8.84864935024228e-05,-1.28763539224775,-0.429236628458189,"PERMANENT","LOCAL","BBWA","YES"
"3",-0.703489852825393,0.124042543074529,1.41668775019382e-08,-0.946613237251471,-0.460366468399316,"TRANSITIONAL","NEIGHBORHOOD","BBWA","YES"
"1",-0.450145017371977,0.0832456147033327,6.39347332157905e-08,-0.613306422190509,-0.286983612553445,"TRANSITIONAL","LOCAL","BBWA","YES"
"6",-0.348600534827192,0.0831564026464006,2.7637562254909e-05,-0.511587084014137,-0.185613985640247,"PERMANENT","LOCAL","YRWA","YES"
"2",-0.210037089084671,0.0327290902146587,1.38581714629949e-10,-0.274186105905402,-0.14588807226394,"TRANSITIONAL","LOCAL","YRWA","YES"
"8",-0.196769391558888,0.0718163420409399,0.00614584113534282,-0.33752942195913,-0.056009361158646,"PERMANENT","NEIGHBORHOOD","YRWA","YES"
"4",-0.152712389257093,0.0516228946953832,0.00309411292683941,-0.253893262860044,-0.0515315156541415,"TRANSITIONAL","NEIGHBORHOOD","YRWA","YES"
