"","Species","LOCAL_PERMANENT","d.LOCAL_PERMANENT","LOCAL_TRANSITIONAL","d.LOCAL_TRANSITIONAL","NEIGHBORHOOD_PERMANENT","d.NEIGHBORHOOD_PERMANENT","NEIGHBORHOOD_TRANSITIONAL","d.NEIGHBORHOOD_TRANSITIONAL"
"1","BBWA",11058.0652641687,3798.67842947195,10640.2612247387,3380.87439004191,9382.99442078917,2123.6075860924,7259.38683469677,0
"2","YRWA",35980.6778173613,11876.8715473508,35202.6837280324,11098.8774580219,32204.957872412,8101.15160240153,24103.8062700105,0
