"","Species","LOCAL_BOTH","d.LOCAL_BOTH","LOCAL_PERMANENT","d.LOCAL_PERMANENT","LOCAL_TRANSITIONAL","d.LOCAL_TRANSITIONAL","LOCAL_UNDISTURBED_BOTH","d.LOCAL_UNDISTURBED_BOTH","LOCAL_UNDISTURBED_PERMANENT","d.LOCAL_UNDISTURBED_PERMANENT","LOCAL_UNDISTURBED_TRANSITIONAL","d.LOCAL_UNDISTURBED_TRANSITIONAL","NEIGHBORHOOD_BOTH","d.NEIGHBORHOOD_BOTH","NEIGHBORHOOD_PERMANENT","d.NEIGHBORHOOD_PERMANENT","NEIGHBORHOOD_TRANSITIONAL","d.NEIGHBORHOOD_TRANSITIONAL"
"1","BBWA",13722.6579215078,8692.62024626032,11531.0558968224,6501.01822157489,11088.7871950047,6058.74951975719,8888.4753656405,3858.43769039299,7463.67251782446,2433.63484257695,5030.03767524751,0,13716.3650965388,8686.32742129134,9801.29988534435,4771.26221009685,7517.64237328212,2487.60469803461
"2","BTNW",13293.7663261073,9439.61251934561,10377.7764757031,6523.62266894137,10562.2479104524,6708.0941036907,7702.27976189944,3848.1259551377,6056.84856105689,2202.69475429515,3854.15380676174,0,13307.0264561508,9452.87264938904,8951.82498534618,5097.67117858444,6499.83043669991,2645.67662993817
"3","CAWA",7469.50389265293,4559.49840168512,6198.7784010485,3288.77291008069,6191.76323418807,3281.75774322025,5010.11690788896,2100.11141692115,4001.81352756176,1091.80803659395,2910.00549096781,0,7480.75552768607,4570.75003671826,5318.03805116675,2408.03256019894,4164.75315458299,1254.74766361518
"4","CMWA",6143.84478376131,3706.49483774863,5332.22052437392,2894.87057836124,4929.55728924104,2492.20734322835,4106.29999210102,1668.95004608833,3523.36167718673,1086.01173117404,2437.34994601269,0,6143.90085783627,3706.55091182358,4735.00480373136,2297.65485771867,3245.53337745711,808.183431444425
