"","Species","LOCAL_PERMANENT","d.LOCAL_PERMANENT","LOCAL_TRANSITIONAL","d.LOCAL_TRANSITIONAL","NEIGHBORHOOD_PERMANENT","d.NEIGHBORHOOD_PERMANENT","NEIGHBORHOOD_TRANSITIONAL","d.NEIGHBORHOOD_TRANSITIONAL"
"1","BBWA",11058.0652642119,3798.6784295594,10640.2612247255,3380.87439007299,9382.99442053708,2123.60758588453,7259.38683465255,0
"2","YRWA",35980.6778173372,11876.8715475387,35202.6837280536,11098.8774582551,32204.9578724206,8101.1516026221,24103.8062697985,0
