"","Species","LOCAL_PERMANENT","d.LOCAL_PERMANENT","LOCAL_TRANSITIONAL","d.LOCAL_TRANSITIONAL","NEIGHBORHOOD_PERMANENT","d.NEIGHBORHOOD_PERMANENT","NEIGHBORHOOD_TRANSITIONAL","d.NEIGHBORHOOD_TRANSITIONAL"
"1","BBWA",11058.0652643556,3798.67842970307,10640.2612247255,3380.87439007299,9382.99442073163,2123.60758607908,7259.38683465255,0
"2","BLPW",2339.69195770665,313.072725769713,2425.87030108177,399.251069144836,2026.61923193694,0,2115.87810550549,89.2588735685499
"3","YRWA",35980.6778173086,11876.8715475101,35202.6837280536,11098.8774582551,32204.9578724206,8101.1516026221,24103.8062697985,0
